title,url,thumbnail_url,channel,description
Message from the President Cold Open - SNL,https://www.youtube.com/watch?v=VuEu3YfxKhw,https://i.ytimg.com/vi/VuEu3YfxKhw/hqdefault.jpg?sqp=-oaymwEcCPYBEIoBSFXyq4qpAw4IARUAAIhCGAFwAcABBg==&rs=AOn4CLBJq1tKRep8S8V2ztEtD5YV2AfMug,Saturday Night Live,President Joe Biden (James Austin Johnson) delivers an important message about the Omicron variant. Saturday Night Live. Stream now on Peacock: https://pck.tv/3uQxh4q Subscribe to SNL: https://go...
WORKING OUT FOR 24 HOURS STRAIGHT!!,https://www.youtube.com/watch?v=oODreucZqmM,https://i.ytimg.com/vi/oODreucZqmM/hqdefault.jpg?sqp=-oaymwEcCPYBEIoBSFXyq4qpAw4IARUAAIhCGAFwAcABBg==&rs=AOn4CLC_YvKdQcCBvYsqnR8o0Lj_NFPBDw,Stokes Twins,"We worked out for 24 hours straight to see what would happen to our body.. We wanted to test to see if we got stronger, faster, and how much weight we would lose or gain.. Watch the whole video..."
The Most Profitable Pressure Washing Service,https://www.youtube.com/shorts/7Vj_-37UtqQ,https://i.ytimg.com/vi_webp/7Vj_-37UtqQ/hq2.webp,Forever Self Employed,
Patriots vs. Bills Super Wild Card Weekend Highlights | NFL 2021,https://www.youtube.com/watch?v=VyDQdswNNK8,,NFL,Check out our other channels: NFL Mundo https://www.youtube.com/mundonfl NFL Brasil https://www.youtube.com/c/NFLBrasilOficial NFL UK https://www.youtube.com/channel/UCVe0dAja_vZCmvfHXjtdRQA...
I Survived 100 DAYS as a TURTLE in HARDCORE Minecraft!,https://www.youtube.com/watch?v=HDhEp6GwLIk,,Bronzo,"I Survived 100 DAYS as a TURTLE in HARDCORE Minecraft! Today, we'll explore the OCEAN SHORES like never before! As a TURTLE, my goal is to build the best BEACH for me and my SEA TURTLE friends,..."
"DaBaby - ""Sneaky Link Anthem"" (Official Video)",https://www.youtube.com/watch?v=FdCsl9rme8E,,DaBaby,"IG: @DaBaby ""SNEAKY LINK ANTHEM"""
I Ate Food I Saw On Billboards For The ENTIRE DAY (Last Restaurant Is my FAV ðŸ¤¤ðŸ¤¤) #Shorts,https://www.youtube.com/shorts/fLJwB4JjEd4,,Blatant Reviews,Social Media LinksðŸ‘‡ðŸ‘‡ TikTok: https://www.tiktok.com/@blatantreviews?is_copy_url=1&is_from_webapp=v1 Instagram: https://www.instagram.com/blatantreviewz/?hl=en Merch: https://www.wnmclothin...
HOW FAR AWAY IS MY SOULMATE? | BAILEY SPINN #shorts,https://www.youtube.com/shorts/wmuZ07L1DlQ,,Bailey Spinn,#POV You can see how many miles away your soulmate is. âœ¿âœ¿âœ¿SUBSCRIBEâœ¿âœ¿âœ¿ â˜†â˜†â˜†FOLLOW MEâ˜†â˜†â˜† Tiktok: @baileyspinn Spam Tiktok: @definitelynotbaileyspinn Instagram: @baileyspi...
Tsunami waves crash ashore in Tonga after volcanic eruption,https://www.youtube.com/watch?v=uQpWV02jJ9k,,Al Jazeera English,"A tsunami has hit the Pacific nation of Tonga after an undersea volcano erupted. The extent of the damage is still unclear as many phone lines are down. Warnings remain in place for Samoa,..."
Meat-Ghetti & Spag-Balls from American Dad | Botched by Babish,https://www.youtube.com/watch?v=ofbJfn_seYc,,Babish Culinary Universe,"This episode is sponsored by Native. Save almost 40% on your first Native Plastic-Free Deodorant Pack - normally $39, youâ€™ll get it for $24! Click here https://bit.ly/nativebabish and use..."
